userid,username,item,item_type,ctime,comment,rating,product_quality,seller_service,delivery_service,has_template_tag,template_tags,tags,is_oversea,origin_region,like_count,is_repeated_purchase,exclude_scoring_due_low_logistic
207584613,tineyookoo,Tala by Kyla TBK 2gether The Series Inspired Collection- Soul Mate,0,1663074096,"Appearance:just like the picture
Colour:accurate
Material Quality:good quality

my brightwin soulmate 2gether inspired tala necklace is finally here ğŸ˜­ğŸ˜­ this is sooo pretty!! my wat-tine heart is sooo happy ğŸ¥¹ğŸ’–

thank youuuu ğŸ«¶ğŸ»

#bbrightvc #winmetawin #sarawat #tine #brightwin #à¹„à¸šà¸£à¹Œà¸—à¸§à¸´à¸™ #2gether",5,5,,,True,"['Appearance', 'Colour', 'Material Quality']","[{'tag_id': 51, 'tag_description': 'Excellent quality '}, {'tag_id': 52, 'tag_description': 'Very accommodating seller '}, {'tag_id': 53, 'tag_description': 'Well-packaged '}, {'tag_id': 54, 'tag_description': 'Item shipped immediately '}, {'tag_id': 55, 'tag_description': 'Will order again '}]",False,ph,4.0,False,False
96155121,f*****8,Tala by Kyla TBK 2gether The Series Inspired Collection- Soul Mate,0,1650811447,tala never fails talaga! cutie ng necklace!! actually this is my gift for my friend and i hope he likes it <3 definitely will buy again!! thank you!,5,5,,,False,[],,False,ph,1.0,False,False
76890781,d*****a,Tala by Kyla TBK 2gether The Series Inspired Collection- Soul Mate,0,1649322593,I'm so happy with the necklace.I didn't expect the freebies and I'm so thankful. I superlove it. This is my 1st ever BL inspired item that I had purchased and I didn't regret it. Super ganda and it inpired me to purchase more. Thank you and Godbless.ğŸ¥°,5,5,,,False,[],"[{'tag_id': 51, 'tag_description': 'Excellent quality '}, {'tag_id': 53, 'tag_description': 'Well-packaged '}, {'tag_id': 54, 'tag_description': 'Item shipped immediately '}, {'tag_id': 55, 'tag_description': 'Will order again '}]",False,ph,26.0,False,False
487852625,rnz_xy,Tala by Kyla TBK 2gether The Series Inspired Collection- Soul Mate,0,1654686779,"Appearance:1000/10

mej nagupi yung box pero itâ€™s okay",5,5,,,True,"['Appearance', 'Colour', 'Material Quality']","[{'tag_id': 51, 'tag_description': 'Excellent quality '}, {'tag_id': 52, 'tag_description': 'Very accommodating seller '}]",False,ph,1.0,False,False
277779170,d*****h,Tala by Kyla TBK 2gether The Series Inspired Collection- Soul Mate,0,1650460307,"Very pretty pieces that I got at 50% discount, inabangan ko talaga to ğŸ˜‚ Also kudos to Tala by Kyla for using compostable polymailer ğŸ’–",5,5,,,False,[],"[{'tag_id': 51, 'tag_description': 'Excellent quality '}, {'tag_id': 53, 'tag_description': 'Well-packaged '}, {'tag_id': 54, 'tag_description': 'Item shipped immediately '}, {'tag_id': 55, 'tag_description': 'Will order again '}]",False,ph,3.0,False,False
320226720,g*****o,Tala by Kyla TBK 2gether The Series Inspired Collection- Soul Mate,0,1657506908,"Material Quality:Their quality is good as expected
Appearance:They look so cute. I love the box given. They're just a bit small compared to what I expected.
Colour:Gold

Thank you, Tala! Will order again! I hope that ""someone"" will also love this.",5,5,,,True,"['Appearance', 'Colour', 'Material Quality']",,False,ph,1.0,False,False
291200109,w*****7,Tala by Kyla TBK 2gether The Series Inspired Collection- Soul Mate,0,1646796624,"Super ganda! Ito na regalo ko para sa sarili ko, para sa 18th birthday ko! Sana magkaroon pa ng iba pang design na about kay Bright or about sa 2gether the series! Thank you po sa seller!",5,5,,,False,[],"[{'tag_id': 51, 'tag_description': 'Excellent quality '}, {'tag_id': 52, 'tag_description': 'Very accommodating seller '}, {'tag_id': 53, 'tag_description': 'Well-packaged '}, {'tag_id': 54, 'tag_description': 'Item shipped immediately '}, {'tag_id': 55, 'tag_description': 'Will order again '}]",False,ph,6.0,False,False
808709824,nnj7l3jz8v,Tala by Kyla TBK 2gether The Series Inspired Collection- Soul Mate,0,1660030252,Thank you ...super Ganda...will buy again...ung bracelet nauna ko binili..,5,5,,,False,[],,False,ph,,False,False
122133013,y*****5,Tala by Kyla TBK 2gether The Series Inspired Collection- Soul Mate,0,1650416816,"Yehey finally i got this
Thank You so much seller super legit may freebies pa. I got this for only 129 pesos w/ minimal fee
Hoping na magsale pa ulet para makaavail pa ko ng ibang collection Tala By Kyla
Godbless po",5,5,,,False,[],"[{'tag_id': 51, 'tag_description': 'Excellent quality '}, {'tag_id': 53, 'tag_description': 'Well-packaged '}, {'tag_id': 54, 'tag_description': 'Item shipped immediately '}, {'tag_id': 55, 'tag_description': 'Will order again '}]",False,ph,0.0,False,False
66248599,johncarloraetgolo,Tala by Kyla TBK 2gether The Series Inspired Collection- Soul Mate,0,1648553879,Super ganda niya po and super sulit. Bait din po ng rider and ang ganda ng pagka pack niya. I'm super happy for it and I hope na makabili ulit ako sa store na to. I'm so thankful talaga. Mabilis din pala siya maship. Uhmm nag order ako nito nung 27 then it shipped out yesterday then today I received,5,5,,,False,[],,False,ph,3.0,False,False
46061647,a*****5,Tala by Kyla TBK 2gether The Series Inspired Collection- Soul Mate,0,1650518357,Thank you so much seller sobrang ganda.this is my 3rd times to order at di mo ko binibigo.ganda ng mga items nyo.satisfied costumer.lalo na affordable price,5,5,,,False,[],"[{'tag_id': 51, 'tag_description': 'Excellent quality '}]",False,ph,,False,False
653610532,c*****2,Tala by Kyla TBK 2gether The Series Inspired Collection- Soul Mate,0,1650968234,"it's so so pretty and cute and nice and really really wow hahaha shia ai salaleo sarawattine brightwin enemer haha! i love it...really. thanks, tbk! bad buddy series next ):)",5,5,,,False,[],"[{'tag_id': 51, 'tag_description': 'Excellent quality '}, {'tag_id': 53, 'tag_description': 'Well-packaged '}, {'tag_id': 55, 'tag_description': 'Will order again '}]",False,ph,,False,False
153390785,k*****e,Tala by Kyla TBK 2gether The Series Inspired Collection- Soul Mate,0,1654999836,Brightwin is realllllll,5,5,,,False,[],"[{'tag_id': 51, 'tag_description': 'Excellent quality '}, {'tag_id': 53, 'tag_description': 'Well-packaged '}]",False,ph,1.0,False,False
598472210,s*****9,Tala by Kyla TBK 2gether The Series Inspired Collection- Soul Mate,0,1650705339,"After a day na di po mapickup ang order ko for this, di ko inexpect to deliver it today. ğŸ¥º Sobrang excited ako ng nalaman ko ngayon pala, I love how pretty elegant ng necklace for 2gether and I actually bibili ako for meteor necklace ng F4 ni GoryaThyme (wala kasya sa pera ko for it.)  Ty much",5,5,,,False,[],"[{'tag_id': 51, 'tag_description': 'Excellent quality '}, {'tag_id': 52, 'tag_description': 'Very accommodating seller '}, {'tag_id': 53, 'tag_description': 'Well-packaged '}, {'tag_id': 54, 'tag_description': 'Item shipped immediately '}]",False,ph,1.0,False,False
95006939,k*****z,Tala by Kyla TBK 2gether The Series Inspired Collection- Soul Mate,0,1649653974,"Sobrang ganda nung necklace, first time ko um-order ng item sa TBK kaya na-amaze ako sa quality hahaha. Nagustuhan ng pinsan ko, gift ko kasi sa kanya ito hehe. Salamat na rin po sa freebie na socks!",5,5,,,False,[],,False,ph,1.0,False,False
146352132,renrensokyut,Tala by Kyla TBK 2gether The Series Inspired Collection- Soul Mate,0,1649305246,Very satisfied cx here ğŸ™ŒğŸ»ğŸ™ŒğŸ»ğŸ™ŒğŸ»,5,5,,,False,[],,False,ph,0.0,False,False
327503957,j*****a,Tala by Kyla TBK 2gether The Series Inspired Collection- Soul Mate,0,1651507806,Hello! I love thissss! Sorry walang masyadong picture yung mismong item kasi pang gift ito pero hindi ko napigilan inopen ko kanina pero nakimutan kong picturan so explain ko na lang po.  ang ganda po ng lalagyan mabigat at yung item sbrang ganda maliit yung bilog na pendant at yung freebie ang gand,5,5,,,False,[],"[{'tag_id': 51, 'tag_description': 'Excellent quality '}, {'tag_id': 55, 'tag_description': 'Will order again '}]",False,ph,,False,False
645676562,i*****_,Tala by Kyla TBK 2gether The Series Inspired Collection- Soul Mate,0,1651925452,"Sulit talagaaaa, I love this necklace so much T ____T Fav ko talaga kasi 2gether and sobrang ganda ng quality huhu. Nabili ko nung 50% off and 129 nalang, thanks din sa pafreebie seller <33",5,5,,,False,[],"[{'tag_id': 51, 'tag_description': 'Excellent quality '}, {'tag_id': 52, 'tag_description': 'Very accommodating seller '}, {'tag_id': 53, 'tag_description': 'Well-packaged '}, {'tag_id': 54, 'tag_description': 'Item shipped immediately '}, {'tag_id': 55, 'tag_description': 'Will order again '}]",False,ph,1.0,False,False
2293385,ayacbm,Tala by Kyla TBK 2gether The Series Inspired Collection- Soul Mate,0,1650596774,"Super ganda  â¤â¤â¤
Been wanting to get this 2gether necklace and I love it. !!! Dapat pala nanghingi ako kay seller nung pang measure sa ring para rings naman bibilin ko next time ğŸ˜Š",5,5,,,False,[],"[{'tag_id': 51, 'tag_description': 'Excellent quality '}, {'tag_id': 52, 'tag_description': 'Very accommodating seller '}, {'tag_id': 53, 'tag_description': 'Well-packaged '}, {'tag_id': 54, 'tag_description': 'Item shipped immediately '}, {'tag_id': 55, 'tag_description': 'Will order again '}]",False,ph,2.0,False,False
368264629,r*****1,Tala by Kyla TBK 2gether The Series Inspired Collection- Soul Mate,0,1650598938,"Responding to positive reviews increases their value. When you respond to a positive review, the customer who left the review feels appreciated, which increases the chance for repeat business. ty sa freebie tala",5,5,,,False,[],"[{'tag_id': 51, 'tag_description': 'Excellent quality '}, {'tag_id': 52, 'tag_description': 'Very accommodating seller '}, {'tag_id': 53, 'tag_description': 'Well-packaged '}, {'tag_id': 54, 'tag_description': 'Item shipped immediately '}, {'tag_id': 55, 'tag_description': 'Will order again '}]",False,ph,0.0,False,False
324742705,arjanetaperla,Tala by Kyla TBK 2gether The Series Inspired Collection- Soul Mate,0,1654761484,Thank you po!â£ï¸ğŸ˜ğŸ¤©ğŸ˜ğŸ˜˜,5,5,,,False,[],"[{'tag_id': 51, 'tag_description': 'Excellent quality '}, {'tag_id': 52, 'tag_description': 'Very accommodating seller '}, {'tag_id': 53, 'tag_description': 'Well-packaged '}, {'tag_id': 54, 'tag_description': 'Item shipped immediately '}, {'tag_id': 55, 'tag_description': 'Will order again '}]",False,ph,,False,False
743589897,chogchog832,Tala by Kyla TBK 2gether The Series Inspired Collection- Soul Mate,0,1654538649,Okay naman sya tapos maganda kaya order na kayo promise nde kayo malulugi,5,5,,,False,[],,False,ph,,False,False
317311449,claireannbyun2946,Tala by Kyla TBK 2gether The Series Inspired Collection- Soul Mate,0,1650447304,Merch to ng first bl series na pinanood ko sabi ko hanap lang ako ng pampakilig ehh tapos wala na naaddict na lalo sa bl series more merch to come.,5,5,,,False,[],"[{'tag_id': 51, 'tag_description': 'Excellent quality '}, {'tag_id': 52, 'tag_description': 'Very accommodating seller '}, {'tag_id': 53, 'tag_description': 'Well-packaged '}, {'tag_id': 55, 'tag_description': 'Will order again '}]",False,ph,,False,False
285590453,reyoxxhy,Tala by Kyla TBK 2gether The Series Inspired Collection- Soul Mate,0,1649329064,100% very satisfied with the item ++ the 2 freebies which is the necklace and the socksğŸ˜­. Super beyond grateful for this shop. I'll definitely buy more in the future!,5,5,,,False,[],"[{'tag_id': 51, 'tag_description': 'Excellent quality '}, {'tag_id': 52, 'tag_description': 'Very accommodating seller '}, {'tag_id': 53, 'tag_description': 'Well-packaged '}, {'tag_id': 54, 'tag_description': 'Item shipped immediately '}, {'tag_id': 55, 'tag_description': 'Will order again '}]",False,ph,,False,False
587508779,lykah.k,Tala by Kyla TBK 2gether The Series Inspired Collection- Soul Mate,0,1654844577,,5,5,,,False,[],,False,ph,,False,False
353092991,samanthayvonefernandwz,Tala by Kyla TBK 2gether The Series Inspired Collection- Soul Mate,0,1650424597,owemjii ang ganda ng necklace ğŸ˜©ğŸ¤š,5,5,,,False,[],,False,ph,,False,False
566888646,ellaizamaeaguilar,Tala by Kyla TBK 2gether The Series Inspired Collection- Soul Mate,0,1649301039,,5,5,,,False,[],,False,ph,1.0,False,False
327344861,s*****d,Tala by Kyla TBK 2gether The Series Inspired Collection- Soul Mate,0,1650449067,Came in nice packaging ang good quality! Thank you so much for this and making my brightwin heart happy. I hope you would create more series soon. Looking forward. God bless!,5,5,,,False,[],,False,ph,0.0,False,False
698896810,1ss13buot6,Tala by Kyla TBK 2gether The Series Inspired Collection- Soul Mate,0,1653292670,"Ang ganda nyaaaa super! Thankyou sa freebies, mabilis sila mag response sa message ko, mabilis din sya dumating, thank you seller and kuyang nag  delivery",5,5,,,False,[],,False,ph,,False,False
556236209,m*****2,Tala by Kyla TBK 2gether The Series Inspired Collection- Soul Mate,0,1660139583,"Appearance:9/10 medyo maliit lang po pala ang pendant pero okay lang po
Colour:10/10
Material Quality:10/10

Overall po guds naman po ang necklace sulit naman po ang bayad, thank you so much po",5,5,,,True,"['Appearance', 'Colour', 'Material Quality']","[{'tag_id': 51, 'tag_description': 'Excellent quality '}, {'tag_id': 52, 'tag_description': 'Very accommodating seller '}, {'tag_id': 53, 'tag_description': 'Well-packaged '}, {'tag_id': 54, 'tag_description': 'Item shipped immediately '}]",False,ph,,False,False
487043104,micahellaaboc17,Tala by Kyla TBK 2gether The Series Inspired Collection- Soul Mate,0,1657450769,Appearance:sobrang ganda as in tyaka sulit sa pera thankyou din po sa freebies tyaka mabait si seller thankyouu,5,5,,,True,"['Appearance', 'Colour', 'Material Quality']","[{'tag_id': 51, 'tag_description': 'Excellent quality '}, {'tag_id': 52, 'tag_description': 'Very accommodating seller '}, {'tag_id': 53, 'tag_description': 'Well-packaged '}, {'tag_id': 54, 'tag_description': 'Item shipped immediately '}, {'tag_id': 55, 'tag_description': 'Will order again '}]",False,ph,,False,False
374510556,i*****n,Tala by Kyla TBK 2gether The Series Inspired Collection- Soul Mate,0,1654836489,,5,5,,,False,[],"[{'tag_id': 51, 'tag_description': 'Excellent quality '}, {'tag_id': 52, 'tag_description': 'Very accommodating seller '}, {'tag_id': 53, 'tag_description': 'Well-packaged '}, {'tag_id': 54, 'tag_description': 'Item shipped immediately '}, {'tag_id': 55, 'tag_description': 'Will order again '}]",False,ph,,False,False
354200399,a*****r,Tala by Kyla TBK 2gether The Series Inspired Collection- Soul Mate,0,1649154271,brightwin endgame!,5,5,,,False,[],,False,ph,2.0,False,False
194574107,g*****n,Tala by Kyla TBK 2gether The Series Inspired Collection- Soul Mate,0,1649320379,"Super ganda , What you see is what you get . Dami ko ng na purchased dito sa shop na to . Super Legit may freebies pa always . May socks na freebies hindi ko nalang na picturan kasi tuwang-tuwa ko sa earings ko . Thank you seller Pax et Bonum.  Na purchased ko to nung nag 50% off super sulit.",5,5,,,False,[],"[{'tag_id': 51, 'tag_description': 'Excellent quality '}, {'tag_id': 53, 'tag_description': 'Well-packaged '}, {'tag_id': 54, 'tag_description': 'Item shipped immediately '}, {'tag_id': 55, 'tag_description': 'Will order again '}]",False,ph,1.0,False,False
271592347,j*****e,Tala by Kyla TBK 2gether The Series Inspired Collection- Soul Mate,0,1650681857,really love it! the quality is so worth it. greatful to have this on discount hehe. hoping to buy more!,5,5,,,False,[],"[{'tag_id': 51, 'tag_description': 'Excellent quality '}, {'tag_id': 53, 'tag_description': 'Well-packaged '}]",False,ph,,False,False
577282044,rexnattv,Tala by Kyla TBK 2gether The Series Inspired Collection- Soul Mate,0,1650301479,It actually came with freebies. Thank you so much Tala for this wonderful Necklace â¤ï¸,5,5,,,False,[],"[{'tag_id': 51, 'tag_description': 'Excellent quality '}, {'tag_id': 52, 'tag_description': 'Very accommodating seller '}, {'tag_id': 53, 'tag_description': 'Well-packaged '}, {'tag_id': 54, 'tag_description': 'Item shipped immediately '}, {'tag_id': 55, 'tag_description': 'Will order again '}]",False,ph,,False,False
321782128,louiedomondon,Tala by Kyla TBK 2gether The Series Inspired Collection- Soul Mate,0,1647340652,OMG IT WAS SO PERFECT I CAN'T DESCRIBE WHAT IM FEELING RIGHT NOW. I AM SPEECHLESS ğŸ˜˜ THANK YOU MY TALA BY KYLA,5,5,,,False,[],,False,ph,3.0,False,False
355205933,dxvnm,Tala by Kyla TBK 2gether The Series Inspired Collection- Soul Mate,0,1648015592,"ang gandaaaa nya sobra, di ko na navideohan kasi excited nako, this is my second time na bumili ulit, ang ganda nya sobra hindi ka magsisi sa price huhu tapos may mga freebies pa and yung note hehehe thankyouuu tbk!!",5,5,,,False,[],,False,ph,1.0,False,False
204029110,mqdope,Tala by Kyla TBK 2gether The Series Inspired Collection- Soul Mate,0,1654178585,Thank you! Nice and value for money item! I hope my nephew will love it!,5,5,,,False,[],,False,ph,,False,False
60902801,aishapastidio,Tala by Kyla TBK 2gether The Series Inspired Collection- Soul Mate,0,1650365940,Got my 2gether soulmate necklace today! Thank you so much. Sobrang ganda po. ğŸ¥ºâ¤ï¸ Ang tagal ko nang gustong mag purchase nito kaso laging sold out.,5,5,,,False,[],,False,ph,,False,False
282164533,davidken01,Tala by Kyla TBK 2gether The Series Inspired Collection- Soul Mate,0,1650494059,Super ganda nya as In sulit ang bayad!! Tanong ko lang bat May pa medyas?? HAHAHAHAHHAA,5,5,,,False,[],,False,ph,,False,False
741311588,lalajj,Tala by Kyla TBK 2gether The Series Inspired Collection- Soul Mate,0,1650435298,Thanku I received ang ganda order pako nxt time pag may pera na thanku so much Ayan lng ung pic sa sobrang excite ko may freebies na sock,5,5,,,False,[],,False,ph,,False,False
192172084,jade_1612,Tala by Kyla TBK 2gether The Series Inspired Collection- Soul Mate,0,1648908109,Thankyou so mucğŸ’šğŸ’šğŸ’šğŸ’›ğŸ’›ğŸ’›,5,5,,,False,[],,False,ph,,False,False
508743940,m*****s,Tala by Kyla TBK 2gether The Series Inspired Collection- Soul Mate,0,1649415737,"Super ganda ng pagkakagawa, hinding-hindi ako nadissapoint. Before shipping medyo inabot ng ilang days but unexpectedly biglangn nadeliver na agad. Nagandahan rin ako sa freebies na socks, I love it.",5,5,,,False,[],"[{'tag_id': 51, 'tag_description': 'Excellent quality '}, {'tag_id': 52, 'tag_description': 'Very accommodating seller '}, {'tag_id': 53, 'tag_description': 'Well-packaged '}, {'tag_id': 54, 'tag_description': 'Item shipped immediately '}, {'tag_id': 55, 'tag_description': 'Will order again '}]",False,ph,,False,False
471538905,_3ranffsq9,Tala by Kyla TBK 2gether The Series Inspired Collection- Soul Mate,0,1649229577,"Super ganda ng item. Also, may additional din siyang bracelet i think dahil sa buy 1 get 1 na promo. May pa-freebies pa. Responsive and ang bait pa ng seller. Mabilis lang din na-ship and deliver sa'kin. Overall, sobrang satisfied ako.",5,5,,,False,[],,False,ph,2.0,False,False
374510556,i*****n,Tala by Kyla TBK 2gether The Series Inspired Collection- Soul Mate,0,1649222599,Soooooooooooooo gandaaaaaaa!!!!!! ğŸ‘‰ğŸ’›ğŸ‘ˆ No damaged plus cute freebies of socks!,5,5,,,False,[],,False,ph,0.0,False,False
385083575,k*****s,Tala by Kyla TBK 2gether The Series Inspired Collection- Soul Mate,0,1649208252,"FAV TALA PIECE KO NA SYA OMGGG SUPER GANDAAAAAAAA, I BUY THIS 50% OMGGG",5,5,,,False,[],,False,ph,,False,False
271389422,masofeiasemillamacailing,Tala by Kyla TBK 2gether The Series Inspired Collection- Soul Mate,0,1661007025,"Material Quality:super ganda its been 3days since i used the necklace so far wla pa namn na ngangate sa leeg koğŸ’—ğŸ™ˆ
Appearance:super ganda but nag expÃ¨ct ako na its like 25 centavos in sizeğŸ˜…
Colour:ita was nice ang perfect

Must buyyy
 Will order again!!!!",5,5,,,True,"['Appearance', 'Colour', 'Material Quality']","[{'tag_id': 51, 'tag_description': 'Excellent quality '}]",False,ph,,False,False
565220749,danayafaithdiego187,Tala by Kyla TBK 2gether The Series Inspired Collection- Soul Mate,0,1660875398,Thank you so much po sa freebieğŸ¥°ğŸ¥°ğŸ¥°,5,5,,,False,[],,False,ph,,False,False
763398265,8zw8fron1x,Tala by Kyla TBK 2gether The Series Inspired Collection- Soul Mate,0,1663576038,"ang ganda po ng mismong necklace and ang cute po ng lagayan, next time yung couple necklace naman ng 2gether ioorder ko! thankyousomuch tbk!ğŸ«¶ğŸ»ğŸ¥¹",5,5,5.0,5.0,False,[],,False,ph,,False,False
147405225,j*****1,Tala by Kyla TBK 2gether The Series Inspired Collection- Soul Mate,0,1648548303,ang gandaaaa ğŸ’š,5,5,,,False,[],,False,ph,2.0,False,False
155736807,analieababoncabrera,Tala by Kyla TBK 2gether The Series Inspired Collection- Soul Mate,0,1655815162,,5,5,,,False,[],"[{'tag_id': 51, 'tag_description': 'Excellent quality '}, {'tag_id': 52, 'tag_description': 'Very accommodating seller '}, {'tag_id': 53, 'tag_description': 'Well-packaged '}, {'tag_id': 54, 'tag_description': 'Item shipped immediately '}, {'tag_id': 55, 'tag_description': 'Will order again '}]",False,ph,,False,False
305156201,n*****6,Tala by Kyla TBK 2gether The Series Inspired Collection- Soul Mate,0,1654217838,yes!! super nice!â¤ï¸â¤ï¸,5,5,,,False,[],"[{'tag_id': 51, 'tag_description': 'Excellent quality '}, {'tag_id': 52, 'tag_description': 'Very accommodating seller '}]",False,ph,,False,False
126249103,m*****o,Tala by Kyla TBK 2gether The Series Inspired Collection- Soul Mate,0,1652250957,Nice!!!,5,5,,,False,[],,False,ph,,False,False
304522639,l*****e,Tala by Kyla TBK 2gether The Series Inspired Collection- Soul Mate,0,1650451607,,5,5,,,False,[],,False,ph,,False,False
200159374,chirbet,Tala by Kyla TBK 2gether The Series Inspired Collection- Soul Mate,0,1650603865,Qttttt â™¥ï¸,5,5,,,False,[],,False,ph,,False,False
427962500,mariahandreaaaa,Tala by Kyla TBK 2gether The Series Inspired Collection- Soul Mate,0,1650461858,I LUV IT SO MUCH ğŸ˜«â¤ï¸ THANK YOUUUUUU PO!!,5,5,,,False,[],,False,ph,,False,False
181482298,ericalogdat,Tala by Kyla TBK 2gether The Series Inspired Collection- Soul Mate,0,1649237607,,5,5,,,False,[],,False,ph,,False,False
211182030,teopedebz,Tala by Kyla TBK 2gether The Series Inspired Collection- Soul Mate,0,1649234013,Tenchuuuuu ğŸ˜˜ğŸ’•,5,5,,,False,[],,False,ph,,False,False
529806490,johnclarence9,Tala by Kyla TBK 2gether The Series Inspired Collection- Soul Mate,0,1648617217,,5,5,,,False,[],"[{'tag_id': 51, 'tag_description': 'Excellent quality '}, {'tag_id': 53, 'tag_description': 'Well-packaged '}, {'tag_id': 54, 'tag_description': 'Item shipped immediately '}, {'tag_id': 55, 'tag_description': 'Will order again '}]",False,ph,2.0,False,False
279211420,a*****s,Tala by Kyla TBK 2gether The Series Inspired Collection- Soul Mate,0,1659254965,"Appearance:maganda
Colour:tama naman yung binigay ni seller
Material Quality:sobrang worth it",5,5,,,True,"['Appearance', 'Colour', 'Material Quality']","[{'tag_id': 51, 'tag_description': 'Excellent quality '}, {'tag_id': 53, 'tag_description': 'Well-packaged '}, {'tag_id': 54, 'tag_description': 'Item shipped immediately '}]",False,ph,,False,False
155734556,crisyanmendoza,Tala by Kyla TBK 2gether The Series Inspired Collection- Soul Mate,0,1653721517,Ang bilis ng deliver at ang ganda nagustuhan ng anak ko..thank u seller di ako nag kamali 2nd time ko umorder dito..ğŸ¥°ğŸ‘,5,5,,,False,[],"[{'tag_id': 54, 'tag_description': 'Item shipped immediately '}]",False,ph,,False,False
750601155,bryanchristianrabacallom,Tala by Kyla TBK 2gether The Series Inspired Collection- Soul Mate,0,1650626916,I love it super duper Ganda simple and minimalist siya worth it ang bayad I will recommend your ship to all my BL friends out there to buy from you ang bilis and ang Ganda lahat thank you and godbless your shop,5,5,,,False,[],,False,ph,,False,False
298102440,i*****o,Tala by Kyla TBK 2gether The Series Inspired Collection- Soul Mate,0,1647759095,"Super love it, and the quality is good. Definitely, will order again in this shop",5,5,,,False,[],,False,ph,,False,False
352775028,c*****i,Tala by Kyla TBK 2gether The Series Inspired Collection- Soul Mate,0,1654916610,Appearance:It's so nice po.Thank you!â¤,5,5,,,True,"['Appearance', 'Colour', 'Material Quality']","[{'tag_id': 51, 'tag_description': 'Excellent quality '}, {'tag_id': 53, 'tag_description': 'Well-packaged '}, {'tag_id': 54, 'tag_description': 'Item shipped immediately '}, {'tag_id': 55, 'tag_description': 'Will order again '}]",False,ph,,False,False
300723037,wmtw_,Tala by Kyla TBK 2gether The Series Inspired Collection- Soul Mate,0,1650527713,BAIWIN MAG ASAWA ğŸ” HEREâ€™S TO MORE 2GETHER / FUTURE BW BL MERCH TO COME ğŸ–¤ğŸ¤ğŸ–¤ğŸ¤ğŸ–¤ğŸ¤ BAIWIN MAG ASAWA ğŸ” HEREâ€™S TO MORE 2GETHER / FUTURE BW BL MERCH TO COME ğŸ–¤ğŸ¤ğŸ–¤ğŸ¤ğŸ–¤ğŸ¤ BAIWIN MAG ASAWA ğŸ” HEREâ€™S TO MORE 2GETHER / FUTURE BW BL MERCH TO COME ğŸ–¤ğŸ¤ğŸ–¤ğŸ¤ğŸ–¤ğŸ¤,5,5,,,False,[],"[{'tag_id': 51, 'tag_description': 'Excellent quality '}, {'tag_id': 52, 'tag_description': 'Very accommodating seller '}, {'tag_id': 53, 'tag_description': 'Well-packaged '}, {'tag_id': 54, 'tag_description': 'Item shipped immediately '}, {'tag_id': 55, 'tag_description': 'Will order again '}]",False,ph,3.0,False,False
380543756,h*****e,Tala by Kyla TBK 2gether The Series Inspired Collection- Soul Mate,0,1650636178,Super ganda natuwa ako and it made myday,5,5,,,False,[],"[{'tag_id': 51, 'tag_description': 'Excellent quality '}, {'tag_id': 52, 'tag_description': 'Very accommodating seller '}, {'tag_id': 53, 'tag_description': 'Well-packaged '}, {'tag_id': 54, 'tag_description': 'Item shipped immediately '}, {'tag_id': 55, 'tag_description': 'Will order again '}]",False,ph,,False,False
574837745,paulvincentilumin,Tala by Kyla TBK 2gether The Series Inspired Collection- Soul Mate,0,1649775828,Super ganda,5,5,,,False,[],,False,ph,,False,False
107775931,marcjeromebien,Tala by Kyla TBK 2gether The Series Inspired Collection- Soul Mate,0,1649235522,Ganda nya salamat,5,5,,,False,[],"[{'tag_id': 51, 'tag_description': 'Excellent quality '}]",False,ph,,False,False
188849918,j*****z,Tala by Kyla TBK 2gether The Series Inspired Collection- Soul Mate,0,1649081121,"To get the full effect of tongue twisters you should repeat them several times, as quickly as possible, without stumbling or mispronouncing. Good luck!",5,5,,,False,[],"[{'tag_id': 51, 'tag_description': 'Excellent quality '}, {'tag_id': 52, 'tag_description': 'Very accommodating seller '}, {'tag_id': 53, 'tag_description': 'Well-packaged '}, {'tag_id': 54, 'tag_description': 'Item shipped immediately '}, {'tag_id': 55, 'tag_description': 'Will order again '}]",False,ph,,False,False
287846006,florie_gardose,Tala by Kyla TBK 2gether The Series Inspired Collection- Soul Mate,0,1660223220,,5,5,,,False,[],,False,ph,,False,False
269195471,l*****q,Tala by Kyla TBK 2gether The Series Inspired Collection- Soul Mate,0,1660375343,,5,5,,,False,[],"[{'tag_id': 51, 'tag_description': 'Excellent quality '}, {'tag_id': 52, 'tag_description': 'Very accommodating seller '}, {'tag_id': 53, 'tag_description': 'Well-packaged '}, {'tag_id': 54, 'tag_description': 'Item shipped immediately '}, {'tag_id': 55, 'tag_description': 'Will order again '}]",False,ph,,False,False
101663179,judileechoicantillon,Tala by Kyla TBK 2gether The Series Inspired Collection- Soul Mate,0,1660086420,,5,5,,,False,[],,False,ph,,False,False
67347457,kristinaranosa,Tala by Kyla TBK 2gether The Series Inspired Collection- Soul Mate,0,1663820972,,5,5,5.0,5.0,False,[],,False,ph,,False,False
168322958,l*****e,Tala by Kyla TBK 2gether The Series Inspired Collection- Soul Mate,0,1658494795,,5,5,,,False,[],"[{'tag_id': 51, 'tag_description': 'Excellent quality '}, {'tag_id': 52, 'tag_description': 'Very accommodating seller '}, {'tag_id': 53, 'tag_description': 'Well-packaged '}, {'tag_id': 54, 'tag_description': 'Item shipped immediately '}, {'tag_id': 55, 'tag_description': 'Will order again '}]",False,ph,,False,False
288266007,alisapineda,Tala by Kyla TBK 2gether The Series Inspired Collection- Soul Mate,0,1663082061,,5,5,,,False,[],,False,ph,,False,False
491974147,t*****z,Tala by Kyla TBK 2gether The Series Inspired Collection- Soul Mate,0,1660211025,,5,5,,,False,[],,False,ph,,False,False
620904161,c*****o,Tala by Kyla TBK 2gether The Series Inspired Collection- Soul Mate,0,1661429974,,5,5,,,False,[],"[{'tag_id': 51, 'tag_description': 'Excellent quality '}, {'tag_id': 53, 'tag_description': 'Well-packaged '}, {'tag_id': 55, 'tag_description': 'Will order again '}]",False,ph,,False,False
572065830,novahmaeranolasogabang,Tala by Kyla TBK 2gether The Series Inspired Collection- Soul Mate,0,1659091519,,5,5,,,False,[],,False,ph,,False,False
117294124,j*****1,Tala by Kyla TBK 2gether The Series Inspired Collection- Soul Mate,0,1658414270,,5,5,,,False,[],,False,ph,,False,False
51361485,trexiemaecabrera,Tala by Kyla TBK 2gether The Series Inspired Collection- Soul Mate,0,1659151540,,5,5,,,False,[],,False,ph,,False,False
117676991,lnrdfx,Tala by Kyla TBK 2gether The Series Inspired Collection- Soul Mate,0,1657426654,,5,5,,,False,[],,False,ph,,False,False
100988379,24cake26,Tala by Kyla TBK 2gether The Series Inspired Collection- Soul Mate,0,1662809013,,5,5,,,False,[],,False,ph,,False,False
562451257,crismaemercado,Tala by Kyla TBK 2gether The Series Inspired Collection- Soul Mate,0,1663139457,,5,5,,,False,[],,False,ph,,False,False
595718086,j*****4,Tala by Kyla TBK 2gether The Series Inspired Collection- Soul Mate,0,1658319529,,5,5,,,False,[],,False,ph,,False,False
522945653,h*****4,Tala by Kyla TBK 2gether The Series Inspired Collection- Soul Mate,0,1660534715,,5,5,,,False,[],,False,ph,,False,False
843596431,sofiaangelagayotin,Tala by Kyla TBK 2gether The Series Inspired Collection- Soul Mate,0,1664808410,,5,5,5.0,5.0,False,[],,False,ph,,False,False
195004655,roeloledanagsamosam,Tala by Kyla TBK 2gether The Series Inspired Collection- Soul Mate,0,1655723441,,5,5,,,False,[],,False,ph,,False,False
80911497,salieeee,Tala by Kyla TBK 2gether The Series Inspired Collection- Soul Mate,0,1655030903,,5,5,,,False,[],,False,ph,,False,False
39747051,mrusselb,Tala by Kyla TBK 2gether The Series Inspired Collection- Soul Mate,0,1655122449,,5,5,,,False,[],,False,ph,,False,False
574225591,w*****i,Tala by Kyla TBK 2gether The Series Inspired Collection- Soul Mate,0,1655235071,,5,5,,,False,[],"[{'tag_id': 51, 'tag_description': 'Excellent quality '}, {'tag_id': 52, 'tag_description': 'Very accommodating seller '}, {'tag_id': 53, 'tag_description': 'Well-packaged '}, {'tag_id': 55, 'tag_description': 'Will order again '}]",False,ph,,False,False
584551181,byah.pz,Tala by Kyla TBK 2gether The Series Inspired Collection- Soul Mate,0,1655363163,,5,5,,,False,[],,False,ph,,False,False
309801299,januaryevangelista,Tala by Kyla TBK 2gether The Series Inspired Collection- Soul Mate,0,1654838131,,5,5,,,False,[],,False,ph,,False,False
405971008,jhon_andrei_valero,Tala by Kyla TBK 2gether The Series Inspired Collection- Soul Mate,0,1654839094,,5,5,,,False,[],,False,ph,,False,False
327927330,erika_manuel30,Tala by Kyla TBK 2gether The Series Inspired Collection- Soul Mate,0,1654855061,,5,5,,,False,[],,False,ph,,False,False
572273825,princessabad744,Tala by Kyla TBK 2gether The Series Inspired Collection- Soul Mate,0,1654827943,,5,5,,,False,[],,False,ph,,False,False
250103237,n*****a,Tala by Kyla TBK 2gether The Series Inspired Collection- Soul Mate,0,1654449036,,5,5,,,False,[],"[{'tag_id': 51, 'tag_description': 'Excellent quality '}, {'tag_id': 52, 'tag_description': 'Very accommodating seller '}, {'tag_id': 53, 'tag_description': 'Well-packaged '}, {'tag_id': 54, 'tag_description': 'Item shipped immediately '}]",False,ph,,False,False
265077334,fajardoron,Tala by Kyla TBK 2gether The Series Inspired Collection- Soul Mate,0,1654742833,,5,5,,,False,[],,False,ph,,False,False
283122396,092815larryyyyy,Tala by Kyla TBK 2gether The Series Inspired Collection- Soul Mate,0,1654542417,,5,5,,,False,[],,False,ph,,False,False
429063429,lleannalouisa,Tala by Kyla TBK 2gether The Series Inspired Collection- Soul Mate,0,1654247783,,5,5,,,False,[],,False,ph,,False,False
287707325,a*****t,Tala by Kyla TBK 2gether The Series Inspired Collection- Soul Mate,0,1654009622,,5,5,,,False,[],"[{'tag_id': 51, 'tag_description': 'Excellent quality '}, {'tag_id': 52, 'tag_description': 'Very accommodating seller '}]",False,ph,,False,False
88678218,yukopenalesono,Tala by Kyla TBK 2gether The Series Inspired Collection- Soul Mate,0,1653537002,,5,5,,,False,[],,False,ph,,False,False
212208475,w*****.,Tala by Kyla TBK 2gether The Series Inspired Collection- Soul Mate,0,1653449721,,5,5,,,False,[],"[{'tag_id': 51, 'tag_description': 'Excellent quality '}, {'tag_id': 52, 'tag_description': 'Very accommodating seller '}, {'tag_id': 53, 'tag_description': 'Well-packaged '}, {'tag_id': 54, 'tag_description': 'Item shipped immediately '}, {'tag_id': 55, 'tag_description': 'Will order again '}]",False,ph,,False,False
67248684,heavencoleendrilon,Tala by Kyla TBK 2gether The Series Inspired Collection- Soul Mate,0,1653282045,,5,5,,,False,[],,False,ph,,False,False
333946873,joshua_caceress,Tala by Kyla TBK 2gether The Series Inspired Collection- Soul Mate,0,1653213135,,5,5,,,False,[],,False,ph,,False,False
381875743,yvonne_suga,Tala by Kyla TBK 2gether The Series Inspired Collection- Soul Mate,0,1653466251,,5,5,,,False,[],,False,ph,,False,False
111478485,j*****a,Tala by Kyla TBK 2gether The Series Inspired Collection- Soul Mate,0,1652453420,,5,5,,,False,[],,False,ph,,False,False
641382603,elloizacastillo639,Tala by Kyla TBK 2gether The Series Inspired Collection- Soul Mate,0,1652856702,,5,5,,,False,[],,False,ph,,False,False
582013983,seriahysabelledeleon,Tala by Kyla TBK 2gether The Series Inspired Collection- Soul Mate,0,1652236800,,5,5,,,False,[],,False,ph,,False,False
271250639,ellaineeeeeee_,Tala by Kyla TBK 2gether The Series Inspired Collection- Soul Mate,0,1651721491,,5,5,,,False,[],"[{'tag_id': 51, 'tag_description': 'Excellent quality '}, {'tag_id': 54, 'tag_description': 'Item shipped immediately '}, {'tag_id': 55, 'tag_description': 'Will order again '}]",False,ph,,False,False
294466187,flozerfida_,Tala by Kyla TBK 2gether The Series Inspired Collection- Soul Mate,0,1651374940,,5,5,,,False,[],,False,ph,,False,False
54818321,janarvin21,Tala by Kyla TBK 2gether The Series Inspired Collection- Soul Mate,0,1650869919,,5,5,,,False,[],"[{'tag_id': 51, 'tag_description': 'Excellent quality '}, {'tag_id': 52, 'tag_description': 'Very accommodating seller '}, {'tag_id': 53, 'tag_description': 'Well-packaged '}, {'tag_id': 54, 'tag_description': 'Item shipped immediately '}, {'tag_id': 55, 'tag_description': 'Will order again '}]",False,ph,,False,False
205718079,stellowmellow,Tala by Kyla TBK 2gether The Series Inspired Collection- Soul Mate,0,1651862944,,5,5,,,False,[],,False,ph,,False,False
603450809,eyracrochet,Tala by Kyla TBK 2gether The Series Inspired Collection- Soul Mate,0,1651545508,,5,5,,,False,[],,False,ph,,False,False
162776296,rizalynagpoonaragon,Tala by Kyla TBK 2gether The Series Inspired Collection- Soul Mate,0,1650473474,,5,5,,,False,[],,False,ph,,False,False
308003116,mahal.luna,Tala by Kyla TBK 2gether The Series Inspired Collection- Soul Mate,0,1650471565,,5,5,,,False,[],,False,ph,,False,False
127177290,crismarktimpug,Tala by Kyla TBK 2gether The Series Inspired Collection- Soul Mate,0,1650618689,,5,5,,,False,[],,False,ph,,False,False
290778214,ianygenel,Tala by Kyla TBK 2gether The Series Inspired Collection- Soul Mate,0,1650576879,,5,5,,,False,[],,False,ph,,False,False
394041010,krizabelle1234,Tala by Kyla TBK 2gether The Series Inspired Collection- Soul Mate,0,1650948535,,5,5,,,False,[],,False,ph,,False,False
165642948,jhuls.gapuz,Tala by Kyla TBK 2gether The Series Inspired Collection- Soul Mate,0,1651157946,,5,5,,,False,[],,False,ph,,False,False
271089066,olavariophi,Tala by Kyla TBK 2gether The Series Inspired Collection- Soul Mate,0,1650615962,,5,5,,,False,[],,False,ph,,False,False
369439240,eiroel1206,Tala by Kyla TBK 2gether The Series Inspired Collection- Soul Mate,0,1651215470,,5,5,,,False,[],,False,ph,,False,False
470587400,charopepito,Tala by Kyla TBK 2gether The Series Inspired Collection- Soul Mate,0,1650540860,,5,5,,,False,[],,False,ph,,False,False
341352510,chriomitch21,Tala by Kyla TBK 2gether The Series Inspired Collection- Soul Mate,0,1650752922,,5,5,,,False,[],,False,ph,,False,False
355807609,krissy614,Tala by Kyla TBK 2gether The Series Inspired Collection- Soul Mate,0,1650697526,,5,5,,,False,[],"[{'tag_id': 55, 'tag_description': 'Will order again '}]",False,ph,,False,False
383926727,orsuafrancis,Tala by Kyla TBK 2gether The Series Inspired Collection- Soul Mate,0,1650512055,,5,5,,,False,[],,False,ph,,False,False
746903262,ikko2003,Tala by Kyla TBK 2gether The Series Inspired Collection- Soul Mate,0,1650888418,,5,5,,,False,[],,False,ph,,False,False
369184759,acireeam29,Tala by Kyla TBK 2gether The Series Inspired Collection- Soul Mate,0,1650870185,,5,5,,,False,[],"[{'tag_id': 51, 'tag_description': 'Excellent quality '}]",False,ph,,False,False
176463129,angelicagellada,Tala by Kyla TBK 2gether The Series Inspired Collection- Soul Mate,0,1650425677,,5,5,,,False,[],,False,ph,,False,False
749296320,s3ejdz51yy,Tala by Kyla TBK 2gether The Series Inspired Collection- Soul Mate,0,1650792973,,5,5,,,False,[],,False,ph,,False,False
47698285,dhanalyntambis,Tala by Kyla TBK 2gether The Series Inspired Collection- Soul Mate,0,1650717503,,5,5,,,False,[],,False,ph,,False,False
151389950,louvelleellery,Tala by Kyla TBK 2gether The Series Inspired Collection- Soul Mate,0,1649073161,,5,5,,,False,[],,False,ph,,False,False
262173012,tayojohnphilip24,Tala by Kyla TBK 2gether The Series Inspired Collection- Soul Mate,0,1650529961,,5,5,,,False,[],,False,ph,,False,False
394149597,ayan.sanchez.12,Tala by Kyla TBK 2gether The Series Inspired Collection- Soul Mate,0,1650513292,,5,5,,,False,[],,False,ph,,False,False
604204927,jobieannvalliente032,Tala by Kyla TBK 2gether The Series Inspired Collection- Soul Mate,0,1650538981,,5,5,,,False,[],,False,ph,,False,False
412258996,mrdnnn__,Tala by Kyla TBK 2gether The Series Inspired Collection- Soul Mate,0,1649388718,,5,5,,,False,[],,False,ph,,False,False
746301754,brigettecavite,Tala by Kyla TBK 2gether The Series Inspired Collection- Soul Mate,0,1650412571,,5,5,,,False,[],,False,ph,,False,False
119113008,zandramaeolisea,Tala by Kyla TBK 2gether The Series Inspired Collection- Soul Mate,0,1649764366,,5,5,,,False,[],,False,ph,,False,False
353938426,ruffamey,Tala by Kyla TBK 2gether The Series Inspired Collection- Soul Mate,0,1649952660,,5,5,,,False,[],,False,ph,,False,False
167758203,jhanajanehofilena,Tala by Kyla TBK 2gether The Series Inspired Collection- Soul Mate,0,1650152231,,5,5,,,False,[],"[{'tag_id': 51, 'tag_description': 'Excellent quality '}]",False,ph,,False,False
305477898,mardydehit0,Tala by Kyla TBK 2gether The Series Inspired Collection- Soul Mate,0,1650393655,,5,5,,,False,[],,False,ph,,False,False
45554641,r*****n,Tala by Kyla TBK 2gether The Series Inspired Collection- Soul Mate,0,1649592365,,5,5,,,False,[],,False,ph,,False,False
119928087,mariamariamarua,Tala by Kyla TBK 2gether The Series Inspired Collection- Soul Mate,0,1648869986,,5,5,,,False,[],,False,ph,,False,False
299777035,a*****o,Tala by Kyla TBK 2gether The Series Inspired Collection- Soul Mate,0,1649148148,,5,5,,,False,[],,False,ph,,False,False
629445869,nicahziataclay426,Tala by Kyla TBK 2gether The Series Inspired Collection- Soul Mate,0,1650089088,,5,5,,,False,[],,False,ph,,False,False
312674055,jyaorolaza09,Tala by Kyla TBK 2gether The Series Inspired Collection- Soul Mate,0,1648948173,,5,5,,,False,[],,False,ph,,False,False
134496688,b*****2,Tala by Kyla TBK 2gether The Series Inspired Collection- Soul Mate,0,1649342361,,5,5,,,False,[],"[{'tag_id': 51, 'tag_description': 'Excellent quality '}, {'tag_id': 55, 'tag_description': 'Will order again '}]",False,ph,,False,False
383722271,f53nnmqgh2,Tala by Kyla TBK 2gether The Series Inspired Collection- Soul Mate,0,1649342184,,5,5,,,False,[],,False,ph,,False,False
269643702,s*****3,Tala by Kyla TBK 2gether The Series Inspired Collection- Soul Mate,0,1649514861,,5,5,,,False,[],,False,ph,,False,False
479326661,off_gun19,Tala by Kyla TBK 2gether The Series Inspired Collection- Soul Mate,0,1649856421,,5,5,,,False,[],,False,ph,,False,False
656750295,s*****h,Tala by Kyla TBK 2gether The Series Inspired Collection- Soul Mate,0,1649562240,,5,5,,,False,[],,False,ph,,False,False
273966450,hope_amor,Tala by Kyla TBK 2gether The Series Inspired Collection- Soul Mate,0,1649578063,,5,5,,,False,[],,False,ph,,False,False
365885561,jarrell12,Tala by Kyla TBK 2gether The Series Inspired Collection- Soul Mate,0,1649296163,,5,5,,,False,[],,False,ph,,False,False
595375985,m*****e,Tala by Kyla TBK 2gether The Series Inspired Collection- Soul Mate,0,1649397007,,5,5,,,False,[],,False,ph,,False,False
110190335,j*****r,Tala by Kyla TBK 2gether The Series Inspired Collection- Soul Mate,0,1649230262,,5,5,,,False,[],"[{'tag_id': 51, 'tag_description': 'Excellent quality '}, {'tag_id': 52, 'tag_description': 'Very accommodating seller '}]",False,ph,,False,False
214905915,a*****i,Tala by Kyla TBK 2gether The Series Inspired Collection- Soul Mate,0,1649505753,,5,5,,,False,[],,False,ph,,False,False
169983018,jaycee_ullegue22,Tala by Kyla TBK 2gether The Series Inspired Collection- Soul Mate,0,1649327157,,4,4,,,False,[],,False,ph,,False,False
515653992,1uzjfy5sfd,Tala by Kyla TBK 2gether The Series Inspired Collection- Soul Mate,0,1649419852,,4,4,,,False,[],,False,ph,,False,False
213247646,paulinepatriarca,Tala by Kyla TBK 2gether The Series Inspired Collection- Soul Mate,0,1649413520,,5,5,,,False,[],,False,ph,,False,False
666964023,shirleylagos691,Tala by Kyla TBK 2gether The Series Inspired Collection- Soul Mate,0,1649325682,,5,5,,,False,[],,False,ph,,False,False
203754945,m*****3,Tala by Kyla TBK 2gether The Series Inspired Collection- Soul Mate,0,1648808022,,5,5,,,False,[],,False,ph,,False,False
293230857,krystalclairearellano,Tala by Kyla TBK 2gether The Series Inspired Collection- Soul Mate,0,1648863151,,5,5,,,False,[],,False,ph,,False,False
540345176,y*****t,Tala by Kyla TBK 2gether The Series Inspired Collection- Soul Mate,0,1649313185,,5,5,,,False,[],,False,ph,,False,False
564704797,lurisminfatima,Tala by Kyla TBK 2gether The Series Inspired Collection- Soul Mate,0,1649233829,,5,5,,,False,[],,False,ph,,False,False
491980601,evwzokphb2,Tala by Kyla TBK 2gether The Series Inspired Collection- Soul Mate,0,1649157506,,5,5,,,False,[],,False,ph,,False,False
190017804,jona.delatorre,Tala by Kyla TBK 2gether The Series Inspired Collection- Soul Mate,0,1648207388,,5,5,,,False,[],"[{'tag_id': 51, 'tag_description': 'Excellent quality '}, {'tag_id': 52, 'tag_description': 'Very accommodating seller '}, {'tag_id': 53, 'tag_description': 'Well-packaged '}]",False,ph,,False,False
459514277,oddesey2003,Tala by Kyla TBK 2gether The Series Inspired Collection- Soul Mate,0,1648098856,,5,5,,,False,[],,False,ph,,False,False
656237328,yvyaile_,Tala by Kyla TBK 2gether The Series Inspired Collection- Soul Mate,0,1648606178,,5,5,,,False,[],,False,ph,,False,False
258777243,papierebooks,Tala by Kyla TBK 2gether The Series Inspired Collection- Soul Mate,0,1646471709,,5,5,,,False,[],,False,ph,,False,False
335203928,nicka_llenos,Tala by Kyla TBK 2gether The Series Inspired Collection- Soul Mate,0,1646396729,,5,5,,,False,[],"[{'tag_id': 53, 'tag_description': 'Well-packaged '}, {'tag_id': 54, 'tag_description': 'Item shipped immediately '}, {'tag_id': 55, 'tag_description': 'Will order again '}]",False,ph,,False,False
